[,,,,,
  {,,,,,
"    ""op"": ""core/mass-edit""",,,,,
"    ""engineConfig"": {",,,,,
"      ""facets"": []",,,,,
"      ""mode"": ""record-based""",,,,,
    },,,,,
"    ""columnName"": ""Payment_Method""",,,,,
"    ""expression"": ""value""",,,,,
"    ""edits"": [",,,,,
      {,,,,,
"        ""from"": [",,,,,
"          ""Credit Card""",,,,,
"          ""credit card""",,,,,
        ],,,,,
"        ""fromBlank"": false",,,,,
"        ""fromError"": false",,,,,
"        ""to"": ""Credit Card""",,,,,
      },,,,,
      {,,,,,
"        ""from"": [",,,,,
"          ""PayPal """,,,,,
"          ""PayPal""",,,,,
        ],,,,,
"        ""fromBlank"": false",,,,,
"        ""fromError"": false",,,,,
"        ""to"": ""PayPal """,,,,,
      },,,,,
    ],,,,,
"    ""description"": ""Mass edit cells in column Payment_Method""",,,,,
  },,,,,
  {,,,,,
"    ""op"": ""core/column-addition""",,,,,
"    ""engineConfig"": {",,,,,
"      ""facets"": []",,,,,
"      ""mode"": ""record-based""",,,,,
    },,,,,
"    ""baseColumnName"": ""Transaction_ID""",,,,,
"    ""expression"": ""grel:if(isBlank(value)"," \""Missing ID\"""," \""Valid\"")""",,,
"    ""onError"": ""set-to-blank""",,,,,
"    ""newColumnName"": ""flag_missing_id""",,,,,
"""columnInsertIndex"": 1",,,,,
"""description"": ""Create column flag_missing_id at index 1 based on column Transaction_ID using expression grel:if(isBlank(value)"," \""Missing ID\"""," \""Valid\"")""",,,
  },,,,,
  {,,,,,
"    ""op"": ""core/column-move-right""",,,,,
"    ""columnName"": ""Transaction_Date""",,,,,
"    ""description"": ""Move column Transaction_Date to the right""",,,,,
  },,,,,
  {,,,,,
"    ""op"": ""core/text-transform""",,,,,
"    ""engineConfig"": {",,,,,
"      ""facets"": []",,,,,
"      ""mode"": ""record-based""",,,,,
    },,,,,
"    ""columnName"": ""Price""",,,,,
"    ""expression"": ""grel:value.abs()""",,,,,
"    ""onError"": ""keep-original""",,,,,
"    ""repeat"": false",,,,,
"""repeatCount"": 10",,,,,
"    ""description"": ""Text transform on cells in column Price using expression grel:value.abs()""",,,,,
  },,,,,
  {,,,,,
"    ""op"": ""core/text-transform""",,,,,
"    ""engineConfig"": {",,,,,
"      ""facets"": []",,,,,
"      ""mode"": ""record-based""",,,,,
    },,,,,
"    ""columnName"": ""Quantity""",,,,,
"    ""expression"": ""grel:value.abs()""",,,,,
"    ""onError"": ""keep-original""",,,,,
"    ""repeat"": false",,,,,
"""repeatCount"": 10",,,,,
"    ""description"": ""Text transform on cells in column Quantity using expression grel:value.abs()""",,,,,
  },,,,,
  {,,,,,
"    ""op"": ""core/column-addition""",,,,,
"    ""engineConfig"": {",,,,,
"      ""facets"": []",,,,,
"      ""mode"": ""record-based""",,,,,
    },,,,,
"    ""baseColumnName"": ""Customer_ID""",,,,,
"    ""expression"": ""grel:if(isBlank(value)"," \""Missing ID\"""," \""Valid\"")""",,,
"    ""onError"": ""set-to-blank""",,,,,
"    ""newColumnName"": ""Flag_Cust_id""",,,,,
"""columnInsertIndex"": 3",,,,,
"""description"": ""Create column Flag_Cust_id at index 3 based on column Customer_ID using expression grel:if(isBlank(value)"," \""Missing ID\"""," \""Valid\"")""",,,
  },,,,,
  {,,,,,
"    ""op"": ""core/column-addition""",,,,,
"    ""engineConfig"": {",,,,,
"      ""facets"": []",,,,,
"      ""mode"": ""row-based""",,,,,
    },,,,,
"    ""baseColumnName"": ""Transaction_Date""",,,,,
"    ""expression"": ""grel:if(isBlank(value)"," \""Missing ID\"""," \""Valid\"")""",,,
"    ""onError"": ""set-to-blank""",,,,,
"    ""newColumnName"": ""flag_cust_id""",,,,,
"""columnInsertIndex"": 5",,,,,
"""description"": ""Create column flag_cust_id at index 5 based on column Transaction_Date using expression grel:if(isBlank(value)"," \""Missing ID\"""," \""Valid\"")""",,,
  },,,,,
  {,,,,,
"    ""op"": ""core/mass-edit""",,,,,
"    ""engineConfig"": {",,,,,
"      ""facets"": []",,,,,
"      ""mode"": ""row-based""",,,,,
    },,,,,
"    ""columnName"": ""Product_Name""",,,,,
"    ""expression"": ""value""",,,,,
"    ""edits"": [",,,,,
      {,,,,,
"        ""from"": [",,,,,
"          ""Coffee """,,,,,
"          ""Coffee""",,,,,
        ],,,,,
"        ""fromBlank"": false",,,,,
"        ""fromError"": false",,,,,
"        ""to"": ""Coffee """,,,,,
      },,,,,
    ],,,,,
"    ""description"": ""Mass edit cells in column Product_Name""",,,,,
  },,,,,
  {,,,,,
"    ""op"": ""core/text-transform""",,,,,
"    ""engineConfig"": {",,,,,
"      ""facets"": []",,,,,
"      ""mode"": ""row-based""",,,,,
    },,,,,
"    ""columnName"": ""Product_Name""",,,,,
"    ""expression"": ""grel:value.replace(\""Cof\"""," \""Coffee\"").replace(\""Coffee Ma\"""," \""Coffee Machine\"").replace(\""Tab\"""," \""Tablet\"").replace(\""Smar\"""," \""Smartphone\"")""",
"    ""onError"": ""keep-original""",,,,,
"    ""repeat"": false",,,,,
"""repeatCount"": 10",,,,,
"    ""description"": ""Text transform on cells in column Product_Name using expression grel:value.replace(\""Cof\"""," \""Coffee\"").replace(\""Coffee Ma\"""," \""Coffee Machine\"").replace(\""Tab\"""," \""Tablet\"").replace(\""Smar\"""," \""Smartphone\"")""",
  },,,,,
  {,,,,,
"    ""op"": ""core/mass-edit""",,,,,
"    ""engineConfig"": {",,,,,
"      ""facets"": []",,,,,
"      ""mode"": ""row-based""",,,,,
    },,,,,
"    ""columnName"": ""Product_Name""",,,,,
"    ""expression"": ""value""",,,,,
"    ""edits"": [",,,,,
      {,,,,,
"        ""from"": [",,,,,
"          ""Smartphonetphone""",,,,,
"          ""Smartphonetph""",,,,,
"          ""Smartphonet""",,,,,
"          ""Smartphonetp""",,,,,
"          ""Smartphonetphon""",,,,,
"          ""Smartphonetpho""",,,,,
        ],,,,,
"        ""fromBlank"": false",,,,,
"        ""fromError"": false",,,,,
"        ""to"": ""Smartphone""",,,,,
      },,,,,
    ],,,,,
"    ""description"": ""Mass edit cells in column Product_Name""",,,,,
  },,,,,
  {,,,,,
"    ""op"": ""core/mass-edit""",,,,,
"    ""engineConfig"": {",,,,,
"      ""facets"": []",,,,,
"      ""mode"": ""row-based""",,,,,
    },,,,,
"    ""columnName"": ""Product_Name""",,,,,
"    ""expression"": ""value""",,,,,
"    ""edits"": [",,,,,
      {,,,,,
"        ""from"": [",,,,,
"          ""Tabletlet""",,,,,
"          ""Tabletle""",,,,,
"          ""Tabletl""",,,,,
        ],,,,,
"        ""fromBlank"": false",,,,,
"        ""fromError"": false",,,,,
"        ""to"": ""Tablet""",,,,,
      },,,,,
      {,,,,,
"        ""from"": [",,,,,
"          ""Coffeefee """,,,,,
"          ""Coffeefe""",,,,,
"          ""Coffeef""",,,,,
        ],,,,,
"        ""fromBlank"": false",,,,,
"        ""fromError"": false",,,,,
"        ""to"": ""Coffee machine""",,,,,
      },,,,,
    ],,,,,
"    ""description"": ""Mass edit cells in column Product_Name""",,,,,
  },,,,,
  {,,,,,
"    ""op"": ""core/mass-edit""",,,,,
"    ""engineConfig"": {",,,,,
"      ""facets"": []",,,,,
"      ""mode"": ""row-based""",,,,,
    },,,,,
"    ""columnName"": ""Product_Name""",,,,,
"    ""expression"": ""value""",,,,,
"    ""edits"": [",,,,,
      {,,,,,
"        ""from"": [",,,,,
"          ""T""",,,,,
        ],,,,,
"        ""fromBlank"": false",,,,,
"        ""fromError"": false",,,,,
"        ""to"": ""Tablet""",,,,,
      },,,,,
    ],,,,,
"    ""description"": ""Mass edit cells in column Product_Name""",,,,,
  },,,,,
  {,,,,,
"    ""op"": ""core/mass-edit""",,,,,
"    ""engineConfig"": {",,,,,
"      ""facets"": []",,,,,
"      ""mode"": ""row-based""",,,,,
    },,,,,
"    ""columnName"": ""Product_Name""",,,,,
"    ""expression"": ""value""",,,,,
"    ""edits"": [",,,,,
      {,,,,,
"        ""from"": [",,,,,
"          ""L""",,,,,
        ],,,,,
"        ""fromBlank"": false",,,,,
"        ""fromError"": false",,,,,
"        ""to"": ""Laptop""",,,,,
      },,,,,
    ],,,,,
"    ""description"": ""Mass edit cells in column Product_Name""",,,,,
  },,,,,
  {,,,,,
"    ""op"": ""core/mass-edit""",,,,,
"    ""engineConfig"": {",,,,,
"      ""facets"": []",,,,,
"      ""mode"": ""row-based""",,,,,
    },,,,,
"    ""columnName"": ""Product_Name""",,,,,
"    ""expression"": ""value""",,,,,
"    ""edits"": [",,,,,
      {,,,,,
"        ""from"": [",,,,,
"          ""S""",,,,,
        ],,,,,
"        ""fromBlank"": false",,,,,
"        ""fromError"": false",,,,,
"        ""to"": ""Smartphone""",,,,,
      },,,,,
    ],,,,,
"    ""description"": ""Mass edit cells in column Product_Name""",,,,,
  },,,,,
  {,,,,,
"    ""op"": ""core/mass-edit""",,,,,
"    ""engineConfig"": {",,,,,
"      ""facets"": []",,,,,
"      ""mode"": ""row-based""",,,,,
    },,,,,
"    ""columnName"": ""Product_Name""",,,,,
"    ""expression"": ""value""",,,,,
"    ""edits"": [",,,,,
      {,,,,,
"        ""from"": [",,,,,
"          ""H""",,,,,
        ],,,,,
"        ""fromBlank"": false",,,,,
"        ""fromError"": false",,,,,
"        ""to"": ""Headphones""",,,,,
      },,,,,
    ],,,,,
"    ""description"": ""Mass edit cells in column Product_Name""",,,,,
  },,,,,
  {,,,,,
"    ""op"": ""core/mass-edit""",,,,,
"    ""engineConfig"": {",,,,,
"      ""facets"": []",,,,,
"      ""mode"": ""row-based""",,,,,
    },,,,,
"    ""columnName"": ""Product_Name""",,,,,
"    ""expression"": ""value""",,,,,
"    ""edits"": [",,,,,
      {,,,,,
"        ""from"": [",,,,,
"          ""Coffeefee Machi""",,,,,
        ],,,,,
"        ""fromBlank"": false",,,,,
"        ""fromError"": false",,,,,
"        ""to"": ""Coffee Machine""",,,,,
      },,,,,
    ],,,,,
"    ""description"": ""Mass edit cells in column Product_Name""",,,,,
  },,,,,
  {,,,,,
"    ""op"": ""core/mass-edit""",,,,,
"    ""engineConfig"": {",,,,,
"      ""facets"": []",,,,,
"      ""mode"": ""row-based""",,,,,
    },,,,,
"    ""columnName"": ""Product_Name""",,,,,
"    ""expression"": ""value""",,,,,
"    ""edits"": [",,,,,
      {,,,,,
"        ""from"": [",,,,,
"          ""Coffee machine""",,,,,
"          ""Coffee Machine""",,,,,
        ],,,,,
"        ""fromBlank"": false",,,,,
"        ""fromError"": false",,,,,
"        ""to"": ""Coffee Machine""",,,,,
      },,,,,
    ],,,,,
"    ""description"": ""Mass edit cells in column Product_Name""",,,,,
  },,,,,
  {,,,,,
"    ""op"": ""core/mass-edit""",,,,,
"    ""engineConfig"": {",,,,,
"      ""facets"": []",,,,,
"      ""mode"": ""row-based""",,,,,
    },,,,,
"    ""columnName"": ""Product_Name""",,,,,
"    ""expression"": ""value""",,,,,
"    ""edits"": [",,,,,
      {,,,,,
"        ""from"": [",,,,,
"          ""Coffeefee Machin""",,,,,
        ],,,,,
"        ""fromBlank"": false",,,,,
"        ""fromError"": false",,,,,
"        ""to"": ""Coffee Machine""",,,,,
      },,,,,
    ],,,,,
"    ""description"": ""Mass edit cells in column Product_Name""",,,,,
  },,,,,
  {,,,,,
"    ""op"": ""core/mass-edit""",,,,,
"    ""engineConfig"": {",,,,,
"      ""facets"": []",,,,,
"      ""mode"": ""row-based""",,,,,
    },,,,,
"    ""columnName"": ""Product_Name""",,,,,
"    ""expression"": ""value""",,,,,
"    ""edits"": [",,,,,
      {,,,,,
"        ""from"": [",,,,,
"          ""Coffeefee Machine""",,,,,
        ],,,,,
"        ""fromBlank"": false",,,,,
"        ""fromError"": false",,,,,
"        ""to"": ""Coffee Machine""",,,,,
      },,,,,
    ],,,,,
"    ""description"": ""Mass edit cells in column Product_Name""",,,,,
  },,,,,
  {,,,,,
"    ""op"": ""core/mass-edit""",,,,,
"    ""engineConfig"": {",,,,,
"      ""facets"": []",,,,,
"      ""mode"": ""row-based""",,,,,
    },,,,,
"    ""columnName"": ""Product_Name""",,,,,
"    ""expression"": ""value""",,,,,
"    ""edits"": [",,,,,
      {,,,,,
"        ""from"": [",,,,,
"          ""Coffeefee Mach""",,,,,
        ],,,,,
"        ""fromBlank"": false",,,,,
"        ""fromError"": false",,,,,
"        ""to"": ""Coffee Machine""",,,,,
      },,,,,
    ],,,,,
"    ""description"": ""Mass edit cells in column Product_Name""",,,,,
  },,,,,
  {,,,,,
"    ""op"": ""core/mass-edit""",,,,,
"    ""engineConfig"": {",,,,,
"      ""facets"": []",,,,,
"      ""mode"": ""row-based""",,,,,
    },,,,,
"    ""columnName"": ""Product_Name""",,,,,
"    ""expression"": ""value""",,,,,
"    ""edits"": [",,,,,
      {,,,,,
"        ""from"": [",,,,,
"          ""Coffeefee Ma""",,,,,
"          ""Coffeefee M""",,,,,
        ],,,,,
"        ""fromBlank"": false",,,,,
"        ""fromError"": false",,,,,
"        ""to"": ""Coffee Machine""",,,,,
      },,,,,
      {,,,,,
"        ""from"": [",,,,,
"          ""He""",,,,,
"          ""Hea""",,,,,
        ],,,,,
"        ""fromBlank"": false",,,,,
"        ""fromError"": false",,,,,
"        ""to"": ""Headphones""",,,,,
      },,,,,
      {,,,,,
"        ""from"": [",,,,,
"          ""C""",,,,,
"          ""Co""",,,,,
        ],,,,,
"        ""fromBlank"": false",,,,,
"        ""fromError"": false",,,,,
"        ""to"": ""Coffee Machine""",,,,,
      },,,,,
      {,,,,,
"        ""from"": [",,,,,
"          ""Lapt""",,,,,
"          ""Lapto""",,,,,
        ],,,,,
"        ""fromBlank"": false",,,,,
"        ""fromError"": false",,,,,
"        ""to"": ""Laptop""",,,,,
      },,,,,
      {,,,,,
"        ""from"": [",,,,,
"          ""Headphon""",,,,,
"          ""Headphone""",,,,,
        ],,,,,
"        ""fromBlank"": false",,,,,
"        ""fromError"": false",,,,,
"        ""to"": ""Headphones""",,,,,
      },,,,,
      {,,,,,
"        ""from"": [",,,,,
"          ""Sma""",,,,,
"          ""Sm""",,,,,
        ],,,,,
"        ""fromBlank"": false",,,,,
"        ""fromError"": false",,,,,
"        ""to"": ""Smartphone""",,,,,
      },,,,,
      {,,,,,
"        ""from"": [",,,,,
"          ""Headpho""",,,,,
"          ""Headph""",,,,,
        ],,,,,
"        ""fromBlank"": false",,,,,
"        ""fromError"": false",,,,,
"        ""to"": ""Headphones""",,,,,
      },,,,,
    ],,,,,
"    ""description"": ""Mass edit cells in column Product_Name""",,,,,
  },,,,,
  {,,,,,
"    ""op"": ""core/mass-edit""",,,,,
"    ""engineConfig"": {",,,,,
"      ""facets"": []",,,,,
"      ""mode"": ""row-based""",,,,,
    },,,,,
"    ""columnName"": ""Product_Name""",,,,,
"    ""expression"": ""value""",,,,,
"    ""edits"": [",,,,,
      {,,,,,
"        ""from"": [",,,,,
"          ""Head""",,,,,
"          ""Headp""",,,,,
        ],,,,,
"        ""fromBlank"": false",,,,,
"        ""fromError"": false",,,,,
"        ""to"": ""Headphones""",,,,,
      },,,,,
      {,,,,,
"        ""from"": [",,,,,
"          ""La""",,,,,
"          ""Lap""",,,,,
        ],,,,,
"        ""fromBlank"": false",,,,,
"        ""fromError"": false",,,,,
"        ""to"": ""Laptop""",,,,,
      },,,,,
    ],,,,,
"    ""description"": ""Mass edit cells in column Product_Name""",,,,,
  },,,,,
  {,,,,,
"    ""op"": ""core/mass-edit""",,,,,
"    ""engineConfig"": {",,,,,
"      ""facets"": []",,,,,
"      ""mode"": ""row-based""",,,,,
    },,,,,
"    ""columnName"": ""Product_Name""",,,,,
"    ""expression"": ""value""",,,,,
"    ""edits"": [",,,,,
      {,,,,,
"        ""from"": [",,,,,
"          ""Coffee""",,,,,
        ],,,,,
"        ""fromBlank"": false",,,,,
"        ""fromError"": false",,,,,
"        ""to"": ""Coffee Machine""",,,,,
      },,,,,
    ],,,,,
"    ""description"": ""Mass edit cells in column Product_Name""",,,,,
  },,,,,
  {,,,,,
"    ""op"": ""core/mass-edit""",,,,,
"    ""engineConfig"": {",,,,,
"      ""facets"": []",,,,,
"      ""mode"": ""row-based""",,,,,
    },,,,,
"    ""columnName"": ""Product_Name""",,,,,
"    ""expression"": ""value""",,,,,
"    ""edits"": [",,,,,
      {,,,,,
"        ""from"": [",,,,,
"          ""Coffeefee Mac""",,,,,
        ],,,,,
"        ""fromBlank"": false",,,,,
"        ""fromError"": false",,,,,
"        ""to"": ""Coffee Machine""",,,,,
      },,,,,
    ],,,,,
"    ""description"": ""Mass edit cells in column Product_Name""",,,,,
  },,,,,
  {,,,,,
"    ""op"": ""core/mass-edit""",,,,,
"    ""engineConfig"": {",,,,,
"      ""facets"": []",,,,,
"      ""mode"": ""row-based""",,,,,
    },,,,,
"    ""columnName"": ""Product_Name""",,,,,
"    ""expression"": ""value""",,,,,
"    ""edits"": [",,,,,
      {,,,,,
"        ""from"": [",,,,,
"          ""Ta""",,,,,
        ],,,,,
"        ""fromBlank"": false",,,,,
"        ""fromError"": false",,,,,
"        ""to"": ""Tablet""",,,,,
      },,,,,
    ],,,,,
"    ""description"": ""Mass edit cells in column Product_Name""",,,,,
  },,,,,
  {,,,,,
"    ""op"": ""core/text-transform""",,,,,
"    ""engineConfig"": {",,,,,
"      ""facets"": []",,,,,
"      ""mode"": ""row-based""",,,,,
    },,,,,
"    ""columnName"": ""Quantity""",,,,,
"    ""expression"": ""grel:value.abs()""",,,,,
"    ""onError"": ""keep-original""",,,,,
"    ""repeat"": false",,,,,
"""repeatCount"": 10",,,,,
"    ""description"": ""Text transform on cells in column Quantity using expression grel:value.abs()""",,,,,
  },,,,,
  {,,,,,
"    ""op"": ""core/text-transform""",,,,,
"    ""engineConfig"": {",,,,,
"      ""facets"": []",,,,,
"      ""mode"": ""row-based""",,,,,
    },,,,,
"    ""columnName"": ""Quantity""",,,,,
"    ""expression"": ""value.toNumber()""",,,,,
"    ""onError"": ""keep-original""",,,,,
"    ""repeat"": false",,,,,
"""repeatCount"": 10",,,,,
"    ""description"": ""Text transform on cells in column Quantity using expression value.toNumber()""",,,,,
  },,,,,
  {,,,,,
"    ""op"": ""core/text-transform""",,,,,
"    ""engineConfig"": {",,,,,
"      ""facets"": []",,,,,
"      ""mode"": ""row-based""",,,,,
    },,,,,
"    ""columnName"": ""Quantity""",,,,,
"    ""expression"": ""grel:value.abs()""",,,,,
"    ""onError"": ""keep-original""",,,,,
"    ""repeat"": false",,,,,
"""repeatCount"": 10",,,,,
"    ""description"": ""Text transform on cells in column Quantity using expression grel:value.abs()""",,,,,
  },,,,,
  {,,,,,
"    ""op"": ""core/text-transform""",,,,,
"    ""engineConfig"": {",,,,,
"      ""facets"": []",,,,,
"      ""mode"": ""row-based""",,,,,
    },,,,,
"    ""columnName"": ""Price""",,,,,
"    ""expression"": ""grel:if(isNumeric(value)","\""$\"" + value.toNumber().toString(\""0.00\"")"," value)""",,,
"    ""onError"": ""keep-original""",,,,,
"    ""repeat"": false",,,,,
"""repeatCount"": 10",,,,,
"    ""description"": ""Text transform on cells in column Price using expression grel:if(isNumeric(value)","\""$\"" + value.toNumber().toString(\""0.00\"")"," value)""",,,
  },,,,,
  {,,,,,
"    ""op"": ""core/text-transform""",,,,,
"    ""engineConfig"": {",,,,,
"      ""facets"": []",,,,,
"      ""mode"": ""row-based""",,,,,
    },,,,,
"    ""columnName"": ""Price""",,,,,
"    ""expression"": ""grel:value.replace(\""$\"""," \""\"").replace(\""","\"""," \""\"")""",,
"    ""onError"": ""keep-original""",,,,,
"    ""repeat"": false",,,,,
"""repeatCount"": 10",,,,,
"    ""description"": ""Text transform on cells in column Price using expression grel:value.replace(\""$\"""," \""\"").replace(\""","\"""," \""\"")""",,
  },,,,,
  {,,,,,
"    ""op"": ""core/text-transform""",,,,,
"    ""engineConfig"": {",,,,,
"      ""facets"": []",,,,,
"      ""mode"": ""row-based""",,,,,
    },,,,,
"    ""columnName"": ""Price""",,,,,
"    ""expression"": ""grel:if(isNumeric(value)","\""$\"" + value.toString(\""0.00\"")"," value)""",,,
"    ""onError"": ""keep-original""",,,,,
"    ""repeat"": false",,,,,
"""repeatCount"": 10",,,,,
"    ""description"": ""Text transform on cells in column Price using expression grel:if(isNumeric(value)","\""$\"" + value.toString(\""0.00\"")"," value)""",,,
  },,,,,
  {,,,,,
"    ""op"": ""core/text-transform""",,,,,
"    ""engineConfig"": {",,,,,
"      ""facets"": []",,,,,
"      ""mode"": ""row-based""",,,,,
    },,,,,
"    ""columnName"": ""Price""",,,,,
"    ""expression"": ""grel:value.replace(\""$\"""," \""\"").replace(\""","\"""," \""\"")""",,
"    ""onError"": ""keep-original""",,,,,
"    ""repeat"": false",,,,,
"""repeatCount"": 10",,,,,
"    ""description"": ""Text transform on cells in column Price using expression grel:value.replace(\""$\"""," \""\"").replace(\""","\"""," \""\"")""",,
  },,,,,
  {,,,,,
"    ""op"": ""core/text-transform""",,,,,
"    ""engineConfig"": {",,,,,
"      ""facets"": []",,,,,
"      ""mode"": ""row-based""",,,,,
    },,,,,
"    ""columnName"": ""Price""",,,,,
"    ""expression"": ""grel:value.toNumber().abs()""",,,,,
"    ""onError"": ""keep-original""",,,,,
"    ""repeat"": false",,,,,
"""repeatCount"": 10",,,,,
"    ""description"": ""Text transform on cells in column Price using expression grel:value.toNumber().abs()""",,,,,
  },,,,,
  {,,,,,
"    ""op"": ""core/text-transform""",,,,,
"    ""engineConfig"": {",,,,,
"      ""facets"": []",,,,,
"      ""mode"": ""row-based""",,,,,
    },,,,,
"    ""columnName"": ""Price""",,,,,
"    ""expression"": ""grel:value.replace(\""$\"""," \""\"").replace(\""","\"""," \""\"")""",,
"    ""onError"": ""keep-original""",,,,,
"    ""repeat"": false",,,,,
"""repeatCount"": 10",,,,,
"    ""description"": ""Text transform on cells in column Price using expression grel:value.replace(\""$\"""," \""\"").replace(\""","\"""," \""\"")""",,
  },,,,,
  {,,,,,
"    ""op"": ""core/text-transform""",,,,,
"    ""engineConfig"": {",,,,,
"      ""facets"": []",,,,,
"      ""mode"": ""row-based""",,,,,
    },,,,,
"    ""columnName"": ""Price""",,,,,
"    ""expression"": ""value.toNumber()""",,,,,
"    ""onError"": ""keep-original""",,,,,
"    ""repeat"": false",,,,,
"""repeatCount"": 10",,,,,
"    ""description"": ""Text transform on cells in column Price using expression value.toNumber()""",,,,,
  },,,,,
  {,,,,,
"    ""op"": ""core/text-transform""",,,,,
"    ""engineConfig"": {",,,,,
"      ""facets"": []",,,,,
"      ""mode"": ""row-based""",,,,,
    },,,,,
"    ""columnName"": ""Price""",,,,,
"    ""expression"": ""grel:value.replace(\""$\"""," \""\"").replace(\""","\"""," \""\"")""",,
"    ""onError"": ""keep-original""",,,,,
"    ""repeat"": false",,,,,
"""repeatCount"": 10",,,,,
"    ""description"": ""Text transform on cells in column Price using expression grel:value.replace(\""$\"""," \""\"").replace(\""","\"""," \""\"")""",,
  },,,,,
  {,,,,,
"    ""op"": ""core/text-transform""",,,,,
"    ""engineConfig"": {",,,,,
"      ""facets"": [",,,,,
        {,,,,,
"          ""type"": ""list""",,,,,
"          ""name"": ""Price""",,,,,
"          ""expression"": ""isBlank(value)""",,,,,
"          ""columnName"": ""Price""",,,,,
"          ""invert"": false",,,,,
"          ""omitBlank"": false",,,,,
"          ""omitError"": false",,,,,
"          ""selection"": [",,,,,
            {,,,,,
"              ""v"": {",,,,,
"                ""v"": false",,,,,
"                ""l"": ""false""",,,,,
              },,,,,
            },,,,,
          ],,,,,
"          ""selectBlank"": false",,,,,
"          ""selectError"": false",,,,,
        },,,,,
      ],,,,,
"      ""mode"": ""row-based""",,,,,
    },,,,,
"    ""columnName"": ""Price""",,,,,
"    ""expression"": ""grel:value.replace(\""-\"""," \""\"")""",,,,
"    ""onError"": ""keep-original""",,,,,
"    ""repeat"": false",,,,,
"""repeatCount"": 10",,,,,
"    ""description"": ""Text transform on cells in column Price using expression grel:value.replace(\""-\"""," \""\"")""",,,,
  },,,,,
  {,,,,,
"    ""op"": ""core/text-transform""",,,,,
"    ""engineConfig"": {",,,,,
"      ""facets"": [",,,,,
        {,,,,,
"          ""type"": ""list""",,,,,
"          ""name"": ""Price""",,,,,
"          ""expression"": ""isBlank(value)""",,,,,
"          ""columnName"": ""Price""",,,,,
"          ""invert"": false",,,,,
"          ""omitBlank"": false",,,,,
"          ""omitError"": false",,,,,
"          ""selection"": [",,,,,
            {,,,,,
"              ""v"": {",,,,,
"                ""v"": false",,,,,
"                ""l"": ""false""",,,,,
              },,,,,
            },,,,,
          ],,,,,
"          ""selectBlank"": false",,,,,
"          ""selectError"": false",,,,,
        },,,,,
      ],,,,,
"      ""mode"": ""row-based""",,,,,
    },,,,,
"    ""columnName"": ""Price""",,,,,
"    ""expression"": ""grel:value.replace(\""$\"""," \""\"").replace(\""","\"""," \""\"")""",,
"    ""onError"": ""keep-original""",,,,,
"    ""repeat"": false",,,,,
"""repeatCount"": 10",,,,,
"    ""description"": ""Text transform on cells in column Price using expression grel:value.replace(\""$\"""," \""\"").replace(\""","\"""," \""\"")""",,
  },,,,,
  {,,,,,
"    ""op"": ""core/text-transform""",,,,,
"    ""engineConfig"": {",,,,,
"      ""facets"": [",,,,,
        {,,,,,
"          ""type"": ""list""",,,,,
"          ""name"": ""Price""",,,,,
"          ""expression"": ""isBlank(value)""",,,,,
"          ""columnName"": ""Price""",,,,,
"          ""invert"": false",,,,,
"          ""omitBlank"": false",,,,,
"          ""omitError"": false",,,,,
"          ""selection"": [",,,,,
            {,,,,,
"              ""v"": {",,,,,
"                ""v"": false",,,,,
"                ""l"": ""false""",,,,,
              },,,,,
            },,,,,
          ],,,,,
"          ""selectBlank"": false",,,,,
"          ""selectError"": false",,,,,
        },,,,,
      ],,,,,
"      ""mode"": ""row-based""",,,,,
    },,,,,
"    ""columnName"": ""Price""",,,,,
"    ""expression"": ""grel:\""$\"" + value""",,,,,
"    ""onError"": ""keep-original""",,,,,
"    ""repeat"": false",,,,,
"""repeatCount"": 10",,,,,
"    ""description"": ""Text transform on cells in column Price using expression grel:\""$\"" + value""",,,,,
  },,,,,
  {,,,,,
"    ""op"": ""core/mass-edit""",,,,,
"    ""engineConfig"": {",,,,,
"      ""facets"": []",,,,,
"      ""mode"": ""row-based""",,,,,
    },,,,,
"    ""columnName"": ""Payment_Method""",,,,,
"    ""expression"": ""value""",,,,,
"    ""edits"": [",,,,,
      {,,,,,
"        ""from"": [",,,,,
"          ""pay pal""",,,,,
        ],,,,,
"        ""fromBlank"": false",,,,,
"        ""fromError"": false",,,,,
"        ""to"": ""PayPal""",,,,,
      },,,,,
    ],,,,,
"    ""description"": ""Mass edit cells in column Payment_Method""",,,,,
  },,,,,
  {,,,,,
"    ""op"": ""core/mass-edit""",,,,,
"    ""engineConfig"": {",,,,,
"      ""facets"": []",,,,,
"      ""mode"": ""row-based""",,,,,
    },,,,,
"    ""columnName"": ""Payment_Method""",,,,,
"    ""expression"": ""value""",,,,,
"    ""edits"": [",,,,,
      {,,,,,
"        ""from"": [",,,,,
"          ""pay pal""",,,,,
        ],,,,,
"        ""fromBlank"": false",,,,,
"        ""fromError"": false",,,,,
"        ""to"": ""PayPal""",,,,,
      },,,,,
    ],,,,,
"    ""description"": ""Mass edit cells in column Payment_Method""",,,,,
  },,,,,
  {,,,,,
"    ""op"": ""core/mass-edit""",,,,,
"    ""engineConfig"": {",,,,,
"      ""facets"": []",,,,,
"      ""mode"": ""row-based""",,,,,
    },,,,,
"    ""columnName"": ""Payment_Method""",,,,,
"    ""expression"": ""value""",,,,,
"    ""edits"": [",,,,,
      {,,,,,
"        ""from"": [",,,,,
"          ""creditcard""",,,,,
        ],,,,,
"        ""fromBlank"": false",,,,,
"        ""fromError"": false",,,,,
"        ""to"": ""Credit Card""",,,,,
      },,,,,
    ],,,,,
"    ""description"": ""Mass edit cells in column Payment_Method""",,,,,
  },,,,,
  {,,,,,
"    ""op"": ""core/column-addition""",,,,,
"    ""engineConfig"": {",,,,,
"      ""facets"": []",,,,,
"      ""mode"": ""row-based""",,,,,
    },,,,,
"    ""baseColumnName"": ""Transaction_Status""",,,,,
"    ""expression"": ""grel:value""",,,,,
"    ""onError"": ""set-to-blank""",,,,,
"    ""newColumnName"": ""Audit_ trans_ status""",,,,,
"""columnInsertIndex"": 11",,,,,
"""description"": ""Create column Audit_ trans_ status at index 11 based on column Transaction_Status using expression grel:value""",,,,,
  },,,,,
  {,,,,,
"    ""op"": ""core/mass-edit""",,,,,
"    ""engineConfig"": {",,,,,
"      ""facets"": []",,,,,
"      ""mode"": ""row-based""",,,,,
    },,,,,
"    ""columnName"": ""Audit_ trans_ status""",,,,,
"    ""expression"": ""value""",,,,,
"    ""edits"": [",,,,,
      {,,,,,
"        ""from"": [",,,,,
"          ""complete""",,,,,
        ],,,,,
"        ""fromBlank"": false",,,,,
"        ""fromError"": false",,,,,
"        ""to"": ""complete""",,,,,
      },,,,,
    ],,,,,
"    ""description"": ""Mass edit cells in column Audit_ trans_ status""",,,,,
  },,,,,
  {,,,,,
"    ""op"": ""core/mass-edit""",,,,,
"    ""engineConfig"": {",,,,,
"      ""facets"": []",,,,,
"      ""mode"": ""row-based""",,,,,
    },,,,,
"    ""columnName"": ""Audit_ trans_ status""",,,,,
"    ""expression"": ""value""",,,,,
"    ""edits"": [",,,,,
      {,,,,,
"        ""from"": [",,,,,
"          ""complete""",,,,,
        ],,,,,
"        ""fromBlank"": false",,,,,
"        ""fromError"": false",,,,,
"        ""to"": ""Completed""",,,,,
      },,,,,
    ],,,,,
"    ""description"": ""Mass edit cells in column Audit_ trans_ status""",,,,,
  },,,,,
  {,,,,,
"    ""op"": ""core/mass-edit""",,,,,
"    ""engineConfig"": {",,,,,
"      ""facets"": []",,,,,
"      ""mode"": ""row-based""",,,,,
    },,,,,
"    ""columnName"": ""Audit_ trans_ status""",,,,,
"    ""expression"": ""value""",,,,,
"    ""edits"": [",,,,,
      {,,,,,
"        ""from"": [",,,,,
"          ""completed""",,,,,
        ],,,,,
"        ""fromBlank"": false",,,,,
"        ""fromError"": false",,,,,
"        ""to"": ""Completed""",,,,,
      },,,,,
    ],,,,,
"    ""description"": ""Mass edit cells in column Audit_ trans_ status""",,,,,
  },,,,,
  {,,,,,
"    ""op"": ""core/text-transform""",,,,,
"    ""engineConfig"": {",,,,,
"      ""facets"": [",,,,,
        {,,,,,
"          ""type"": ""list""",,,,,
"          ""name"": ""Audit_ trans_ status""",,,,,
"          ""expression"": ""value""",,,,,
"          ""columnName"": ""Audit_ trans_ status""",,,,,
"          ""invert"": false",,,,,
"          ""omitBlank"": false",,,,,
"          ""omitError"": false",,,,,
"          ""selection"": [",,,,,
            {,,,,,
"              ""v"": {",,,,,
"                ""v"": ""Failed""",,,,,
"                ""l"": ""Failed""",,,,,
              },,,,,
            },,,,,
          ],,,,,
"          ""selectBlank"": true",,,,,
"          ""selectError"": false",,,,,
        },,,,,
      ],,,,,
"      ""mode"": ""row-based""",,,,,
    },,,,,
"    ""columnName"": ""Audit_ trans_ status""",,,,,
"    ""expression"": ""grel:if(isBlank(value)"," \""Missing\"""," value)""",,,
"    ""onError"": ""keep-original""",,,,,
"    ""repeat"": false",,,,,
"""repeatCount"": 10",,,,,
"    ""description"": ""Text transform on cells in column Audit_ trans_ status using expression grel:if(isBlank(value)"," \""Missing\"""," value)""",,,
  },,,,,
],,,,,